Korean,English
이다,to be
에,to
고,go
다,all
것,thing
하다,do
도,do
게,crab
들,field
그,that
있다,have
에서,at
지,ji
있다,have
되다,to be
가다,go
기,energy
나,me
이,this
없다,none
수,number
보다,see
않다,not
말,word
사람,Person
하다,do
한,one
는데,To be
오다,come
구,nine
우리,we
아니다,not
다,all
겠,Yes
때,at the time
만,only
그,that
그렇다,Yes
던,Dungeon
같다,same
주다,give
그러다,Then
다는,All
안,not
아,ah
보다,see
그것,that
지,ji
그런,then
또,In addition
일,Work
년,year
알다,know
에게,to
그래,okay
내,my
지다,lose
다,all
까지,Until
집,Home
대하다,treat
이렇다,Like this
등,etc.
가지다,have
나오다,come out
살다,live
좋다,good night
지만,but
어,uh
씨,Seed
두,two
다고,All
받다,receive
먹다,To eat
말하다,say
뭐,What
이,this
때문,because
잘,well
다가,Approach
그래서,therefore
데,place
모르다,I do not know
더,more
크다,Big
좀,A little
이런,this
뭐,What
주다,give
위하다,for
소리,sound
일,Work
번,th
나다,It's me
너,you
이것,this
많다,many
갖다,have
들다,Hold
그러나,But
어떻다,how
저,I
생각하다,Think
죽다,die
여기,here
못,pond
생각,think
문제,Problem
놓다,put
죠,Yeah
듣다,listen
앞,front
자기,self
고,go
얘기,story
속,inside
인제,Inje
부터,from
못하다,Can not do it
어떤,which
저,I
중,middle
많이,A lot of
처럼,like
왜,why
돈,money
명,number of people
여자,Woman
지금,now
어디,where
만들다,to make
이제,now
뒤,back
들어가다,enter
개,dog
보다,see
그냥,just
다시,again
그리고,and
자,ruler
오다,come
원,one
거기,there
거든,That
따르다,follow
말다,roll
쓰다,write
백,hundred
전,I'm
월,month
나가다,go out
날,me
참,Oh yeah
근데,by the way
누구,who
경우,case
무슨,what
예,Yes
아이,Child
다음,next
놈,bloke
하나,one
다른,Different
싶다,want
눈,Eye
내다,Pay
잡다,Catch
앉다,Sit
들다,Hold
두,two
한테,to
막,membrane
님,sir
손,hand
단,only
안,not
버리다,throw away
무엇,what
시간,hour
보이다,show
물,water
정도,degree
만,only
한국,korea
자신,Myself
천,cloth
가다,go
이거,this
음,Well
응,yes
그런데,By the way
어머니,mother
사회,Social
치다,hit
만나다,meet
어느,which
찾다,find
놓다,put
사다,buy
서다,stand
길,road
그때,at that time
쓰다,write
몇,some
도록,so that
지나다,pass by
네,yes
같이,together
가지,Branch
얼굴,face
아버지,father
서울,Seoul
위,stomach
일본,Japan
마음,mind
없이,without
하나,one
오늘,today
부르다,calling
애,baby
아주,very
나라,country
는지,Or
지금,now
그녀,she
더니,By
미국,USA
너무,Too
요,yo. this
사실,actually
삼,three
남자,man
자리,Seat
느냐,Yes
방,room
시,city
짓다,build
쪽,side
가지다,have
점,dot
아니,no
곳,place
몸,body
통하다,pass
그거,it
모두,all
후,after
들어오다,come in
묻다,to ask
두다,put
정부,goverment
는가,Is it
아들,son
제,My
동안,During
터,place
그러니까,So
거나,Or
여러,Various
분,minute
보내다,send
함께,together
시작하다,start
친구,friend
바로,Right away
술,alcohol
가장,most
처음,first
무녀,shaman
모든,every
는데,To be
이야기,story
선생님,Teacher
께,to
이름,name
문,door
밤,night
세,count
뿐,only
말다,roll
관계,relation
세계,world
머리,head
이상,More than
내리다,get off
당신,you
이번,this time
타다,ride
에다,gouge
아직,yet
경제,economy
하고,do
인간,human
구,nine
산,mountain
학교,school
십,ten
거,thing
그럼,then
사이,between
줄,line
생기다,to happen
자다,sleep
보이다,show
느끼다,feel
정말,really
뜻,meaning
딱,Perfect
말씀,words
다니다,to go
어렵다,difficult
떨어지다,drop
일어나다,Rise
자,ruler
세상,world
의하다,be due to
그러면,then
글,writing
밖,Outside
교육,education
맞다,right
옛날,A long ago
열다,open
밖에,outside
모습,figure
적,enemy
요,yo. this
밥,rice
내다,Pay
구서,Old book
대통령,president
다르다,different
웃다,laugh
에,to
입다,put on
살,fat
불,fire
지역,region
엄마,Mom
넣다,put in
중국,China
남다,left
남,other
북한,North Korea
입,mouth
딸,daughter
이러하다,Do this
둘,two
나타나다,to appear
내용,Contents
책,book
시대,era
얻다,get
열,Heat
시,city
해,sun
생활,life
니,you
문화,culture
나무,tree
학생,student
기자,reporter
억,100 million
방법,Way
국민,nation
모양,shape
중요하다,It is important
밝히다,clarify
옷,dress
야,hey
얘기하다,talk
먼저,first
조사,inspection
오르다,climb
울다,cry
가운데,middle
놀다,play
특히,Especially
구나,Clever
힘,strength
예,Yes
저녁,dinner
아무,nothing
운동,Exercise
차,car
대학,university
채,stick
땅,earth
분,minute
팔다,sell
지내다,stay
이미,already
국가,country
읽다,To read
조사자,investigator
다면,Plane
밑,bottom
물론,of course
및,and
꼭,please
의미,meaning
나다,It's me
드리다,give
못하다,Can not do it
요,yo. this
일,Work
끝,End
얼마나,how much
듯,As if
돌아가다,return
정치,politics
새롭다,new
마다,every
부분,part
높다,high
비,rain
상황,situation
하루,day
이러다,Like this
전화,telephone
떠나다,leave
과정,process
지,ji
오,Five
사랑,love
교수,professor
자,ruler
옆,side
기업,Enterprise
께서,from
넘다,exceed
대,big
거의,almost
이유,reason
역시,Also
란/이란,Ran/Iran
올라가다,Go up
혼자,alone
간,liver
올리다,raise
아침,morning
연구,Research
달,moon
이제,now
시장,market
남편,husband
사건,Incident
게,crab
정신,mental
기다리다,wait
필요하다,need
해당하다,Correspond
회사,company
얼마,how much
선생,teacher
이,this
끝나다,end
돌다,spin
계속,continue
멀다,far
당시,at that time
영화,movie
방언,dialect
자식,child
시키다,order
쉽다,easy
작다,small
바,bar
대로,Road
웃음,laugh
결과,result
의원,lawmaker
또는,or
돌아오다,Come back
떡,rice cake
믿다,trust
정보,Information
고개,head
죽이다,To kill
상태,situation
조선,Shipbuilding
곧,soon
결국,finally
또한,In addition
나이,age
하지만,However
마을,Town
하늘,sky
신,god
동네,town
형,brother
나가다,go out
안되다,Do not
지방,Fat
배우다,learn
창,window
발,foot
나서다,launch
작품,Work
마시다,drink
즉,In other words
세우다,set up
그대로,as it is
대로,Road
할머니,grandmother
배,ship
걸리다,hang
양반,Yangban
정책,Policy
진짜,really
듯,As if
새,bird
필요,need
이르다,early
부,wealth
따라서,therefore
역사,history
어리다,young
고서,Ancient book
그리다다,Draw
길다,long
여성,female
아래,under
굉장히,greatly
대다,put
나누다,divide
더욱,More
아내,wife
문학,literature
군,army
낳다,give birth
꿈,dream
기술,technology
두다,put
삶,Life
듯하다,look like
공부,study
자네,you
목,neck
그만,stop
젊다,young
그저,just
걸다,bet
바라보다,Look at
바람,wind
자체,itself
이루어지다,come true
달다,Sweet
관하다,Tear
오빠,brother
민족,people
걷다,To Walk
병,party
데리다,be accompanied
좋아하다,like
미,mi
열리다,open
언니,sister
최근,recent
향하다,lean towards
이,this
계획,plan
얼,spirit
과거,past
잇다,connect
싫다,hate
풀다,solve
식,ceremony
각,each
버리다,throw away
번째,th
어쩌다,Anywhere
반,half
관심,Attention
달,moon
돌리다,turn
대상,Target
아마,maybe
빨리,hurry
쪼다,pick
사용하다,use
당하다,encounter
머,what
요즘,Nowadays
저희,we
꽃,Flower
주인,host
언어,language
입장,Entrance
힘들다,it's tough
활동,activity
사진,Photo
더라도,Even
지키다,protect
놀라다,surprised
바꾸다,change
구조,rescue
부모,parents
그리하다,Go
끌다,drag
목소리,voice
세,count
댕기다,Dagger
만큼,as much as
아까,just now
현재,today
이상하다,weird
사업,business
이래,since
현실,reality
이놈,this guy
붙다,pass
그러하다,It is true
법,law
표정,expression
오히려,rather
바라다,Hope
삼다,make
자,ruler
환경,Environment
우선,priority
신문,newspaper
귀,ear
여러분,everyone
자꾸,Repeatedly
대,big
자료,data
아프다,sick
군,army
나중,later
이루다,accomplished
모시다,wait on
첫,First
잔,glass
개혁,Reform
음악,music
돌,rock
사장,CEO
들리다,hear
조금,little
모으다,gather
갑자기,suddenly
당,Party
장관,Minister
그리,picture
빠지다,fall in
괜찮다,Okay
소,cow
전혀,Not at all
걔,Herb
전쟁,War
가족,family
맞추다,set
이십,Twenty
사실,actually
강,river
차,car
잘하다,Do well
깊다,deep
중심,center
바다,ocean
다구,Multi
더라,Der
피,blood
쌀,rice
빼다,remove
듯이,As if
마지막,last
같이,together
소설,novel
내려오다,go down
다리,Leg
눈물,tear
내일,tomorrow
제도,policy
그림,painting
호,like
대표,representative
영감,Inspiration
일단,First
가능하다,It is possible
따다,Pick
담배,tobacco
죄,crime
만하다,be worth
든,All
대부분,most
어른,Adult
벌써,already
전하다,impart
지다,lose
다섯,five
손님,Guest
집안,house management
발전,Development
아무리,no matter how
우리나라,our country
기분,mood
의식,Consciousness
거든,That
저기,there
뿐,only
느낌,feeling
회장,Chairman
팔,eight
순간,Moment
전체,all
맡다,take on
모이다,gather
계시다,be there
어서,hurry
선,line
일부,part
가만히,Still
인물,Character
참,Oh yeah
사,buy
네,yes
흐르다,flow
거리,distance
내,my
배,ship
눕다,lay down
동생,Brother
에다가,To
선거,election
만,only
단계,step
국제,International
곤,Gon
맞다,right
국내,domestic
걱정,worry
회의,meeting
가르치다,teach
가능성,Possibility
원래,usually
리,lee
기관,Agency
새끼,young
년대,In the year
대신,instead
병원,hospital
관련,related
현상,phenomenon
니깐,Nea
들어서다,Enter
이해하다,Understand
대화,Conversation
성격,Character
개발,Development
단체,group
측,side
과,class
통일,unity
적다,little
역할,role
사내,man
춤,Dance
산업,industry
찍다,hew
무섭다,scary
그날,that day
잠시,for awhile
나쁘다,bad
잃다,lose
능력,ability
차이,difference
체제,System
살리다,save
학년,grade
직접,directly
기능,function
형태,shape
장,page
이용하다,use
매우,very
코,nose
제일,most
늘,always
짜다,salty
별로,not really
방향,direction
않다,not
벗다,take off
영향,effect
불다,blow
행동,behavior
육,six
벌다,Earn
분위기,atmosphere
시민,citizen
꺼내다,take out
가깝다,close
어찌,For some reason
컴퓨터,computer
옮기다,move
칼,knife
과학,science
제대로,properly
항상,always
도시,city
마찬가지,same here
논,rice paddy
담다,Put
금,gold
세기,century
국회,Congress
경찰,police
질,quality
수준,level
짓,act
편지,letter
잖아,No way
수,number
방식,method
음식,food
들이다,admit
아름답다,beautiful
절,I
행위,Act
삼십,thirty
개인,individual
조금,little
뜨다,to rise
네,yes
약,approximately
전부,all
주장하다,Claim
동,dong
잊다,forget
쉬다,rest
구하다,save
대회,Competition
던지다,Throw
시기,period
마치,Like
지나가다,Pass by
자면,Sleep
저,I
은행,Bank
금융,finance
혹은,or
심하다,Severe
표현,expression
애기,Baby
다가,Approach
대다,put
기,energy
시절,days
정하다,decide
오래,long time
싸다,cheap
아저씨,mister
최고,best
일으키다,Raise
자유,freedom
자연,nature
얘,Daunting
늦다,late
상,award
만약,what if
알려지다,known
칠,seven
일하다,to work
내려가다,go down
때리다,hit
시험,exam
가치,value
값,value
오후,afternoon
방송,broadcast
키,key
변하다,change
결혼,marriage
맛,taste
설명하다,Explicate
차다,cold
장사,business
기회,chance
모두,all
할아버지,grandfather
배,ship
듯이,As if
팀,team
동시,The same time
물건,thing
분야,Field
개념,concept
차례,order
비하다,Compare
어찌하다,What do you do
개,dog
구체적,detailed
이날,On this day
집단,group
떨다,shiver
언제,when
지니다,carry
비다,be empty
고기,meat
회,episode
책임,responsibility
고향,hometown
가정,home
피하다,avoid
고자,Highly
비슷하다,similar
이때,At this time
외국,foreign country
효과,effect
주,main
외,except
작가,Writer
넘어가다,skip
안다,know
약,approximately
상당히,Pretty
여기다,It's here
움직이다,Move
장군,General
환자,patient
하구,outfall
한참,long time
위원회,Committee
보통,usually
벌이다,Earn
새,bird
태도,attitude
드리다,give
추다,dance
죽음,death
짐,load
투자,investment
기간,period
점,dot
아이구,Oops
지다,lose
아무,nothing
형제,sibling
아파트,Apartment
주로,mostly
영어,english
전,I'm
목적,purpose
아빠,Dad
노력,effort
의견,opinion
생명,life
ㅂ시오,ㅂ Shio
빠르다,fast
말씀하다,Spoke
그놈,Gnome
검찰,Prosecution
스스로,myself
며칠,few days
지르다,kick
쳐다보다,To look at
내놓다,put out
기억,memory
완전히,completely
예술,art
묵다,lodge
형사,detective
조차,even
몰다,drive
으,eww
호랑이,tiger
도움,help
사라지다,Disappear
달다,Sweet
이전,before
훨씬,more
차리다,Set up
의사,doctor
재산,property
주장,opinion
고치다,Fix
뽑다,select
그리구,And
밭,field
사상,thought
약간,slightly
과연,indeed
짝,match
조건,Condition
요,yo. this
스님,monk
굿,good
가리키다,point out
감정,emotion
골,goal
팔,eight
인생,life
준비,Ready
존재,existence
올해,this year
마련하다,prepare
바뀌다,change
마당,yard
싸우다,fight
자금,funds
초,candle
다만,but
회담,Talks
지난해,Last year
남,other
일반,Normal
머,what
옳다,right
관리,management
공장,factory
지원,support
질문,Questions
이론,theory
줄,line
개월,month
신경,nerve
너희,you
보다,see
처녀,Virgin
인하다,Take on
교회,church
요새,these days
숨,breath
대,big
핵,nucleus
늙다,old
층,floor
강조하다,Emphasize
기준,standard
시작되다,Start
다양하다,Varies
일곱,seven
경험,experience
교사,teacher
언론,Press
사회적,social
봄,spring
나타내다,Express
주변,around
셈,count
낮다,low
정치적,Political
원하다,Want
참다,suppress
이해,understanding
부리다,play
주제,topic
강하다,strong
여인,woman
돕다,help
아이고,Gosh
대답,answer
아기,baby
자는,sleeping
세력,Influence
빠지다,fall in
감독,director
오십,fifty
올라오다,Climb up
이곳,this place
청년,youth
러시아,russia
프로그램,program
박사,doctor
대문,main door
주,main
남기다,leave
평가,evaluation
업체,company
열심히,hard
후보,candidate
섬,island
여름,Summer
뜨다,to rise
생산,Produce
구,nine
공부하다,study
설명,Explanation
반드시,certainly
전국,Nationwide
어린이,children
차원,Dimension
공동,public
받아들이다,accept
찾아가다,to go look for
노동,labor
사고,accident
끊다,Quit
부자,Wealthy
공간,space
편,side
빛,light
터지다,To explode
떼다,cut
아이,Child
자동차,car
냥,Nymph
확인하다,Confirm
키우다,grow
드러나다,emerge
분명하다,Obvious
반대,the opposite
자주,often
현재,today
벽,wall
뭣,Sake
태어나다,bear
벗어나다,Get out
종,bell
매,hawk
밝다,bright
겪다,experience
이기다,win
새로,New
거치다,pass through
한편,Meanwhile
잠깐,for a moment
장,page
위원,commissioner
갖추다,possess
틀리다,wrong
넓다,wide
녀석,guy
계속하다,Continue
쥐다,hold
주민,citizen
겨울,winter
딴,different
여섯,six
펴다,Spread
쌓다,stack
영국,uk
독일,Germany
달리다,run
양,sheep
알리다,inform
수업,class
자고,Sleep
사태,situation
석,three
흔들다,shake
마치다,finish
대답하다,Answer
냄새,smell
둘째,second
원인,cause
광고,advertisement
자라다,grow
거,thing
오늘날,Today
든지,Or
인사,Greetings
어깨,shoulder
형님,older brother
정권,power
사정,circumstances
낮,afternoon
찾아오다,come to
저거,that
중간,middle
프랑스,france
여전히,still
다루다,treat
분명히,clearly
법,law
달리,Different
별,star
수사,Investigation
실제로,in reality
위,stomach
놓이다,go
한번,once
가격,price
새벽,dawn
피다,Blossom
결정,decision
현,hyeon
매다,Tie
낫다,better
부산,Busan
그동안,Meantime
백만,million
허리,waist
흔히,Often
집다,nip
쓰이다,write
끼다,Put on
유럽,Europe
당장,right now
선수,player
여,female
건물,building
짧다,short
살,fat
증인,witness
점점,Gradually
잘못,wrong
중앙,center
바쁘다,busy
똑같다,same
전통,tradition
화,fury
경기,game
미리,already
건설,erection
규모,Scale
냐면,Naive
위기,Danger
발표하다,Announce
그룹,group
인식,recognize
알아보다,Inquire
시설,facility
차지하다,Occupy
얼른,hurry
소식,News
덕,virtue
각각,each
지식,knowledge
혹시,Perhaps
재미있다,It is interesting
남북,North -south
혁명,revolution
앞서다,precede
고만,Highman
상대,opponent
글쎄,Well
형식,form
대책,Measures
결코,never
미치다,crazy
권,volume
현장,site
언제나,always
누르다,Press down
아부지,Abuji
조,article
목표,target
흘리다,spill
맨,Man
출신,Native
떠오르다,fly
위원장,Chairman
종이,paper
며느리,daughter-in-law
멈추다,Stop
귀신,ghost
멀리,far
단,only
꼴,form
불구하다,Despite
버스,Bus
권력,authority
나머지,Remainder
에이,a
자세,posture
심다,plant
도로,road
희다,Whiten
다고,All
이어지다,be connected
살펴보다,Look at
노동자,worker
주위,around
방안,measures
부부,married couple
일어서다,get up
해,sun
피우다,smoke
말,word
미안하다,sorry
북,north
신랑,groom
분석,analysis
넘기다,to pass over
알,egg
쏘다,shot
바위,rock
기록,record
쫓다,run
가져오다,Bring
그곳,there
눈치,sense
실제,real
닦다,To Wipe
미치다,crazy
하나님,father
작년,last year
그릇,Bowl
치료,cure
기사,Article
세월,time
자손,descendants
취하다,get drunk
따로,seperately
식구,family
싣다,load
기르다,cultivate
준비하다,Prepare
시선,Sight
따지다,Take up
비롯하다,From
협상,Negotiation
던지,Throw
살피다,watch
행사,event
꺼,turn off
제품,product
시인,poet
무대,stage
아홉,nine
행정,administration
물다,bite
잡히다,be caught
지마는,Jima
경영,management
셋,three
씻다,wash
오,Five
지구,earth
저것,that
맞다,right
인정하다,recognize
상품,Goods
발견하다,Discover
달다,Sweet
측면,side
댁,House
평,Plain
다니,Dany
약속,promise
띠다,be charged with
통신,communication
예전,Previous
나름,depending on
백성,the people
해방,Liberation
인터넷,Internet
직원,employee
마디,word
어둡다,dark
맺다,form
선배,senior
전문,specialty
편하다,relaxing
갚다,pay back
노릇,Brown
반응,reaction
이야기하다,Talk
고통,pain
저렇다,Like that
기본,basic
예정,expected
달라지다,to be different
소문,rumor
읍,town
어떠하다,How
농사,farming
싸움,fight
즐기다,enjoy
단어,word
군대,army
밀다,Push
현대,hyundai
계시다,be there
첫째,first
맘,Heart
엄청나다,tremendous
중,middle
조정,adjustment
존재하다,Exist
일반적,In general
너무나,too
결혼하다,Get married
고등학교,high school
똥,poop
늘다,gain
사십,Fourty
경제적,economical
헌,Constitution
숨다,hide
발생하다,to occur
따위,et cetera
그렇지만,but
마저,Even
다가오다,to come closer
이끌다,lead
오전,morning
바닥,floor
목사,minister
도대체,why
다하다,fulfill
설화,tale
뉴스,news
거짓말,lie
모,what
제시하다,Present
걸음,step
각종,various
제사,ancestral rites
평화,peace
문장,sentence
편,side
종교,religion
경쟁,compete
마르다,dry
해외,Overseas
결정하다,decide
거리,distance
농민,Peasant
표현하다,Express
가끔,Once in a while
천만,10 million
관계자,Officials
이쪽,this way
깔다,lay
복,luck
원칙,rule
여행,Travel
철학,philosophy
까닭,reason
견디다,Endure
늘어나다,increase
해결하다,solve
민중,populace
갈등,conflict
지적하다,Point out
특징,Characteristic
건너다,to cross
한마디,one word
위치,location
체계,system
유지하다,maintain
그전,Before
벌어지다,Open
한,one
요소,Element
물어보다,ask
일찍,early
요구,request
검다,Black
감다,reel in
가을,autumn
유명하다,Famous
뿌리다,spread
총리,Prime Minister
곱다,pretty
치르다,pay
정,affection
켜다,turn on
별,star
베,hemp cloth
투쟁,fight
묶다,tie
여덟,eight
전,I'm
웬,wen
학자,Scholar
막히다,blocked
돌아보다,Turn around
불교,buddhism
파다,dig
시작,start
내년,next year
쇠,iron
대왕,maharaja
예쁘다,pretty
기구,machine
참여하다,participate
잘못,wrong
직,now
질서,law
급,class
곁,neighborhood
공사,construction
조상,Ancestor
업무,work
바치다,devote
업다,Upgrade
나아가다,go forward
고르다,Choose
장소,Place
대,big
겨우,barely
시골,countryside
아예,At all
빌리다,borrow
건강,health
아버님,father
가게,store
카드,card
살아가다,Live
의지,willpower
거두다,Reap
금방,soon
어제,yesterday
무역,Trade
이익,profit
탁,widely
종류,type
닭,chicken
하얗다,White
가,go
내밀다,hold out
암,cancer
점심,lunch
제공하다,Offer
덮다,cover
기에,Gi
기계,machine
대중,public
부장,Director
정확하다,Accurate
계속되다,Continue
피해,Harm
매일,everyday
채우다,Fill
심각하다,Serious
빌다,beg
미래,future
도리,duty
아무래도,Maybe
훌륭하다,excellent
서비스,service
에게서,From
역사적,classic
그치다,stop
큰일,Great work
뿌리,Root
두르다,borrow
먹이다,batten
는구나,Is it
손가락,finger
국어,Korean
어둠,darkness
내부,inside
장면,scene
탓,fault
속하다,Belong
기존,existing
이르다,early
정승,Jeongseung
관련하다,Relate
얘,Daunting
파,green onion
높이다,heighten
무릎,knee
색,color
옛,ancient
아무것,nothing
줄이다,Reduce
등장하다,appear
불리다,Call
반면,On the other hand
그러므로,therefore
성장,growth
드러내다,reveal
을,second
용,dragon
기대,Expectation
끼,talent
과제,assignment
깨닫다,realize
전문가,expert
바탕,background
되,become
독립,Independent
발표,Announcement
가,go
식사,meal
처리,process
건,case
누나,sister
마루,Floor
척,chuck
울리다,make cry
만일,if
직장,rectal
소년,boy
담,wall
어울리다,comport
보호,protect
주요,main
아무런,Any
터,place
한편,Meanwhile
정상,normal
대개,mostly
관련되다,It is related
어쨌든,anyway
전망,View
논리,logic
쭉,Straight
저런,That
거래,deal
도,do
퍼센트,percent
놀이,play
어허,Uh
주식,stock
춥다,cold
조치,action
포함하다,Comprise
가까이,closely
덜,Less
생각되다,Think
부족하다,lack
임금,wage
시집,divan
수단,Way
쓰러지다,Fall down
동물,animal
닿다,reach
남녀,Men and women
신라,Silla
살림,livelihood
영역,area
노조,Union
되,become
부담,Burden
떼,group
이튿날,the next day
건,case
지나치다,go too far
풀,grass
맨날,everyday
세대,Generation
쥐,mouse
밟다,to step on
전설,Legend
방침,policy
영,zero
비록,Although
열,Heat
노력하다,do the efforts
생,raw
끄다,turn off
아시아,Asia
계기,meter
계급,Classes
서양,Western
무렵,Around
사용되다,be used
자본,capital
어떡하다,What to do
부엌,kitchen
검사,test
총각,bachelor
수출,Export
폭,width
적다,little
쏟아지다,Pour out
고생,hardship
이웃,Neighborhood
판,board
온,On
땀,sweat
중,middle
충분히,enough
붉다,Be red
호텔,hotel
고려,Consideration
맑다,clear
적극적,active
맡기다,entrust
목숨,life
직업,job
진행되다,Proceed
한쪽,pair
하고,do
판단,judgment
구경,caliber
서로,each other
가난하다,poor
비싸다,expensive
구성,composition
더러,Even
맛있다,delicious
해결,solution
인기,popularity
가볍다,light
사항,matters
커다랗다,Big
불과하다,Only
군사,Military
깨다,wake up
굴,cave
여보,honey
추진하다,carry forward
단지,just
표,graph
솔직히,To be honest
꽤,fairly
가득,full
여사,Ms
희망,Hope
뜨겁다,hot
붓다,pour
부,wealth
종합,Synthesis
결론,conclusion
비용,cost
민간,Private sector
드라마,drama
등,etc.
죽,porridge
가구,furniture
감사하다,Thank
반갑다,nice to meet
평양,Pyongyang
뜯다,Tear off
틈,aperture
바깥,outside
모임,class
자르다,cut
여부,Whether
캐다,dig
썩,Rotten
약하다,weak
비판,Criticism
시간,hour
주인공,Hero
달리다,run
전자,former
깊이,depth
협력,Cooperation
흙,soil
바람,wind
가만,wait
공연,show
깎다,cut
논의,Argument
없애다,Delete
천천히,slowly
훈련,training
지,ji
숲,forest
배경,background
무겁다,heavy
따라가다,to follow
젊은이,young people
공,zero
독자,Reader
총,gun
논문,Paper
감추다,hide
상호,Mutual
뛰다,run
공무원,public official
확실하다,It is certainly
참여,Participation
기대하다,Expect
정리하다,Straighten out
조사하다,Investigate
학문,Scholarship
한국인,Korean
기초,Foundation
주택,Housing
청와대,Blue house
잘못되다,Misplace
당연하다,Natural
석,three
끝내다,finish
닫다,close
단위,unit
총장,General
봉사,volunteer
이미지,image
평소,usually
지다,lose
스물,twenty
구름,cloud
특성,characteristic
틀,frame
남성,male
왜냐하면,because
수입,income
전략,strategy
도,do
가리다,blind
프로,Pro
운영,operate
미군,US military
선택,Select
부문,sector
게임,game
모,what
어쩌면,perhaps
토지,land
좁다,narrow
선택하다,Choose
변호사,lawyer
침,saliva
소위,ensign
재미,fun
차라리,rather
경향,tendency
몹시,Very
보도,sidewalk
아가씨,miss
돌아서다,Turn around
사무실,office
마침내,Finally
사용,use
젖다,get wet
부대,army unit
더군,Further
근처,around
찌르다,stab
챙기다,take
인구,population
이쁘다,pretty
입술,Lips
민주주의,democracy
그만큼,that much
지도,map
소원,wish
축구,soccer
부정,denial
잘못하다,do wrong
일제,Japanese imperialism
실시하다,Enforce
즐겁다,fun
이틀,Two days
평생,forever
의미하다,Mean
한숨,sigh
깨끗하다,Clean
인사,Greetings
망하다,failed
처,wife
외교,diplomacy
걸어가다,walk
운명,fate
마주,Confrontation
친하다,close
돼지,pig
소비자,consumer
짐승,beast
실수,mistake
곡,song
예산,budget
육십,sixty
기울이다,Tilt
항,port
아주머니,old lady
하인,servant
물질,matter
얼다,freeze
들다,Hold
비밀,secret
마는,Drag
명령,Command
냐는,Nana
어머님,mother
판,board
욕,swear word
박다,drive
상처,wound
파악하다,Seize
문자,message
소개하다,introduce
주머니,pocket
단순하다,simple
풀리다,Relent
초,candle
통합,integrated
임금,wage
속도,speed
최대,maximum
본래,originally
교통,traffic
시각,Time
개방,Opening
사방,All directions
대단하다,Awesome
감사,thank
마침,Finish
궁금하다,I'm curious
초기,Early
쌓이다,To stack up
형편,Circumstances
개선,Improving
싸다,cheap
꾸다,Crush
기록하다,Record
무,radish
비로소,for the first time
그르다,Get
의도,Intent
도착하다,arrive
하도,Hado
요인,factor
답,answer
느라고,Said it
꾸미다,decorate
평균,Average
헤어지다,Say goodbye
사흘,three days
오늘,today
커피,coffee
간단하다,Simple
연락,Communication
성공하다,Succeed
군인,soldier
포기하다,give up
지하,Underground
한반도,Korean peninsula
틀다,turn on
성공,success
성과,result
그대,you
특별,Special
관중,crowd
정성,Qualitative
이른바,So -called
콩,bean
비교하다,Compare with
뜨다,to rise
ㄹ세,ㄹ tax
일종,Kind
더구나,Moreover
연구소,laboratory
취하다,get drunk
화자,Speaker
원리,principle
기운,Strength
끓이다,boil
부처,Buddha
혐의,Suspicion
재,re
권리,right
불가능하다,impossible
외국인,foreigner
만지다,touch
복잡하다,Complex
기도,pray
이하,below
행복하다,happy
절차,procedure
한계,Limit
겁,cowardice
가르다,divide
무너지다,fallen
시체,dead body
택시,taxi
스스로,myself
견해,View
털다,whisk
과장,exaggeration
어려움,difficulty
에서부터,From
깜짝,surprise
미소,smile
가방,bag
의자,chair
기본적,Basic
천하,World
선물,gift
토론,debate
눈길,line of vision
학원,Academy
띄다,Stand
절대,never
셋째,third
잔뜩,loads
반대하다,Oppose
지배,control
사전,dictionary
적어도,At least
대사,line
제목,title
우주,space
근거,Evidence
자본주의,capitalism
급하다,in a hurry
잎,leaf
서방,Western
주,main
개인적,Personal
지경,Scope
기독교,Christian
중학교,middle School
제자,student
불안하다,Unstable
장난,joke
색시,Color
던가,Dungeon
욕심,greed
앓다,be ill
안정,stability
처지,situation
책상,table
부모님,parents
저쪽,there
따뜻하다,Warm
해석,Translate
처리하다,Dispose of
기획,plan
수술,Operation
전기,electricity
의사,doctor
그이,That
악기,instrument
푸르다,Green
계약,contract
무기,weapon
ㅂ디다,ㅂ
복지,welfare
둥,ridge
겉,outside
걱정하다,Worry
지다,lose
시내,downtown
야당,outs
펼치다,unfold
장치,Device
시스템,system
병,party
안,not
혀,tongue
워낙,So much
울음,weeping
도저히,Hardly
아아,iced coffee
글자,letter
여유,relaxation
커지다,grow big
확대,enlargement
정리,organize
기,energy
절,I
서른,thirty
치마,skirt
소녀,girl
멋,taste
학습,learning
부탁,Request
슬프다,Im sad
답답하다,It is frustrating
합의,agreement
최초,the first
구멍,hole
짚다,Put on
문득,suddenly
쓰다,write
기억하다,remember
지도자,Leader
양식,form
주먹,fist
농촌,Rural
조,article
화면,screen
참으로,Indeed
농업,Agriculture
대표적,Representative
오랜,long-time
시,city
대단히,very
총재,Governor
꺾다,break
신다,put on
눈,Eye
외치다,shout out
분석하다,Analyze
막,membrane
소금,salt
진행,Progress
숨기다,hide
시계,watch
숙이다,Lean
그분,Him
보고,report
지켜보다,Watch
비치다,hint
친정,Family
숫자,number
관점,aspect
고대,ancient
지적,Point out
용어,Terms
칠,seven
제일,most
민주,Democracy
충격,Shock
자유롭다,free
무척,very
고을,Pick
붙잡다,seize
시위,demonstration
당국,authorities
입구,Entrance
치다,hit
주체,Subject
이불,bedding
묘,grave
더불다,Further
썩다,rot
지지,support
특별하다,special
군,army
양쪽,both side
연구하다,Research
바르다,Cover
황제,Emperor
혼,soul
누다,Go
천지,world
자연스럽다,natural
보험,insurance
봉,pole
요리,Cooking
흐름,flow
꽂다,stick
두루,All -round
이마,forehead
판매,sale
침대,bed
떠들다,be noisy
몰리다,Flock
뜻하다,Mean
본부,headquarters
턱,chin
움직임,movement
달아나다,Run away
일다,Get
인사,Greetings
발언,speaking
아무개,All dogs
자마자,as soon as
간부,Cadre
고객,client
고민,worry
연합,Union
이사,move
평가하다,evaluate
고려하다,consider
사례,example
안방,Inner room
찾아보다,To look for
문서,document
서두르다,hurry
당연히,of course
추진,propel
상담,consulting
핵심,main point
예수,Jesus
구석,corner
이외,Other
위험,danger
실험,Experiment
상대방,opponent
한국어,Korean
심정,Feelings
티,tea
이념,Ideology
다소,a little
들여다보다,Look into
대목,stock
다시피,as
공격,attack
협회,Association
퍼지다,spread
인류,humanity
들려오다,Hear
쏟다,pour out
재주,skill
괜히,in vain
싫어하다,Dislike
불만,dissatisfaction
도와주다,help
느냐고,Is it?
졸업하다,graduate
푼,undone
바지,pants
장가,March
뼈,bone
생각나다,Remind
어차피,anyway
바르다,Cover
너머,Beyond
갑,the former
진실,truth
꽉,closely
증거,evidence
온갖,All kinds of
공동체,community
웃기다,funny
메다,Mediate
학기,semester
하여튼,anyway
때로,Sometimes
갓,gat
현실적,Realistic
마련,prepared
의장,chairman
조용히,quietly
규정,Rule
로구나,Roga
묻다,to ask
칸,Cannes
부드럽다,soft
덥다,hot
일정하다,Constant
송,song
달려가다,Run
적,enemy
가져가다,Take away
아줌마,Madame
세계적,Worldwide
그쪽,That
크기,size
청소년,Teenager
에서,at
인도,India
회원,member
운,luck
언젠가,someday
게다가,furthermore
미,mi
왼쪽,left
색깔,Color
방문,visit
공기,air
군데,Gun
애쓰다,whittle away
매달리다,Hang
붙들다,seize
상당하다,Equivalent
여론,public opinion
야단,Scolding
자녀,children
상,award
내세우다,Put out
우려,concern
조용하다,its sillent
무덤,tomb
용기,Vessel
참석하다,Attend
거부하다,Reject
남쪽,South
굽다,bake
징,jing
기반,base
뱀,snake
교장,Principal
부락,village
모델,Model
뚫다,bore
높아지다,Increase
행하다,hold
닮다,Resemble
안녕하다,Well
떨리다,nervous
잔치,party
기름,Oil
타다,ride
마구,harness
극장,Theater
신앙,faith
벼슬,Crest
수많다,Numerous
공원,Park
사귀다,make friends with
아마도,maybe
카메라,camera
지치다,exhausted
문제점,problem
부동산,real estate
실리다,Put on
병사,soldier
대학생,College student
짊어지다,Carry
가령,chamberlain
들르다,drop in at
기다,crawl
본인,me
난리,Crowd
활용하다,utilize
이라크,Iraq
벼,rice
하느님,God
끄덕이다,Nod
주부,housewife
골목,alley
벌리다,be profitable
품다,incubate
불쌍하다,poor
뛰어나다,outstanding
라서,So
재벌,Conglomerate
주가,stock
제외하다,Except
비행기,airplane
치우다,clean up
줍다,pick up
더하다,add
폭력,violence
능,Tongue
사위,son-in-law
베다,mow
그만두다,Quit
이동,move
대사,line
추구하다,Pursue
강력하다,Be powerful
한두,One or two
사회주의,socialism
감각,sense
어머,Oh
정당,party
개발하다,Develop
얹다,put on
더럽다,dirty
충분하다,Suffice
틀림없다,It must be
불안,unrest
승,Win
굶다,starve
연결,connect
건강하다,healthy
날씨,weather
쌍,pair
느라,Nine
재판,trial
음성,voice
식당,Restaurant
극복하다,Overcome
강화,enforce
흔들리다,Oscillate
어미,ending of a word
한글,korean
답니다,It is said
불법,illegal
자격,Qualification
입히다,plate
발전하다,improve
의혹,suspicion
반장,Class monitor
애,baby
소리치다,to yell
텔레비전,television
갈다,Sharpen
작용,Action
부끄럽다,embarrassed
양,sheep
길래,In
뒤집다,reverse
배우,Actor
지시,instruction
절대로,never
순서,order
구만,Gusan
비디오,video
만화,manga
소득,income
다음날,next day
재정,finance
벌,punishment
동무,friend
공주,Princess
기쁘다,pleased
연대,age
나르다,tote
두드리다,knock
착하다,kind
문명,Civilization
자원,resource
신체,body
무시하다,Ignore
옥,jade
양,sheep
달래다,lull
무조건,must
건네다,carry across
일제히,in concert
오직,Only
똑같이,same
정신적,mental
다가가다,Go closer
대접,Hospitality
낫다,better
가사,lyrics
범위,range
도,do
사실상,virtually
내다보다,Look out
오른쪽,Right side
연기,performance
아니하다,Do not
하여금,하여금
유지,maintain
피부,skin
아우,cadet
서구,Western
지우다,erase
편,side
길이,length
이사,move
강의,lecture
유일하다,Be the only one
거울,mirror
에너지,energy
수십,Dozens of
다,all
독,poison
남,other
시어머니,mother-in-law
무,radish
과부,widow
장단,Rig
아까,just now
활,bow
민요,folk songs
자세히,Details
검토하다,review
장애,obstacle
저리,there
담기다,Contain
의회,Parliament
일주일,one week
관광,tourism
쉬다,rest
근,root
깨다,wake up
범죄,crime
포함되다,to be included
굵다,thick
높이,Height
경쟁력,Competitiveness
동료,colleague
미술,Art
대형,large
박수,clap
날다,fly
불편하다,Uncomfortable
인상,impression
상,award
의문,question
아무튼,Anyway
빨갛다,Red
지혜,wisdom
건축,construct
의무,duty
신분,Identity
침묵,silence
부탁하다,Beg
점수,score
방학,Vacation
비교적,Comparative
임시,temporary
원수,enemy
엿,Fuck
전부,all
누리다,enjoy
차량,vehicle
세금,tax
확,sudden
줄어들다,Decrease
근대,But
꼬리,tail
궁,palace
맥,vein
웬일,Somehow
인력,manpower
세다,count
출발하다,Depart
바보,Silly
현지,local
확보하다,Secure
점차,gradually
저지르다,Commit
모자,hat
신부,priest
지붕,roof
젓다,row
대학원,Graduate school
기차,train
남한,south korea
그리하여,therefore
망,net
널리,extensively
테이프,tape
검사,test
돌아다니다,Roam
한강,Han River
날리다,fly
증권,stock
보고서,report
파업,strike
그럼,then
지위,status
글씨,Letters
수원,Suwon
대체로,generally
구성되다,consist of
철저하다,Be thoroughly
유형,category
심지어,even
조그맣다,Small
바람직하다,desirable
트다,open
안타깝다,Regretful
주어지다,Given
교류,A.C
내지,Nausea
구두,shoes
행복,Happiness
주의,caution
외부,Out
한동안,for a while
비리,corruption
성질,Property
들,field
올림픽,Olympic
잠기다,sink
판단하다,Judge
가하다,inflict
도서관,library
조,article
상사,superior
적절하다,It is appropriate
방문하다,Visit
의료,Medical treatment
근본적,Fundamental
승리,Victory
원장,ledger
안전,safety
팔자,Seller
일부러,Intentionally
작용하다,Apply
사설,editorial
본격적,Full -fledged
놓치다,to let go
앞두다,Be ahead
오랫동안,for a long time
규제,regulation
상관,relation
창문,window
신발,shoes
긴장,Tension
특별히,especially
잡지,magazine
지원하다,Support
전통적,Traditional
서방,Western
발견되다,discovered
신용,credit
집중,Concentration
영혼,soul
미스,miss
작전,Operations
내버리다,Remove
뜰,garden
좌우,Right and left
공개,open
한때,onetime
철,steel
교실,classroom
소개,Introduce
고모,aunt
젖,milk
그림자,shadow
손자,grandson
일본인,Japanese
백화점,Department store
서너,Three or four
둘러보다,Look around
술집,bar
곰,bear
신화,mythology
통,container
확실히,exactly
비율,ratio
빨래,Wash
시점,Sight
국장,director
깨지다,be broken
화장실,restroom
두렵다,afraid
전달하다,Convey
인터뷰,interview
시원하다,Cool
살아오다,Live
처,wife
수행하다,Conduct
엎드리다,kneel down
역,station
뻗다,stretch
버티다,Withstand
일대,cohort
압력,pressure
센터,center
고개,head
주소,address
부처,Buddha
물가,Prices
진리,truth
빵,bread
단순히,simply
인민,people
귀하다,Take care of
확인,Confirm
아니,no
불빛,fire
이용,Use
푸다,scoop out
경찰서,Police office
사물,objects
저러다,Go
진정하다,relax
빚,debt
굳이,Dare
훔치다,steal
법률,law
북쪽,North
협정,agreement
회복,recovery
간,liver
욕망,craving
연결되다,Connect
공포,fear
섞이다,be mixed
거칠다,crudity
한꺼번에,At the same time
둘러싸다,Surround
신부,priest
전제,Premise
투,two
총,gun
늘리다,increase
식품,food
기둥,Pillar
국민학교,National school
씨,Seed
게,crab
그야말로,Indeed
덧붙이다,Add
죄송하다,sorry
보따리,Pack
다치다,get hurt
잊어버리다,forget
문화적,classic
팔리다,sell
중얼거리다,Mumble
인식하다,Cognize
발음,Pronunciation
파도,tide
금리,Interest rate
설치하다,Install
다녀오다,Go back
권하다,recommend
장,page
묻다,to ask
잠들다,fall asleep
은,silver
싶다,want
교육부,Ministry of Education
계층,hierarchy
거실,living room
관,coffin
비추다,irradiate
상자,Box
발달,develop
번호,number
재료,ingredient
회견,interview
스포츠,sports
심장,heart
스타일,style
역,station
방문,visit
비교,compare
날짜,date
인연,Destiny
량,Quantity
동기,motivation
사고,accident
풍경,Scenery
일상,daily life
연주하다,play
민주화,democratization
눈앞,In front of the eyes
완전,very
실천,implement
낯설다,strange
아깝다,what a waste
묻히다,smear
몰래,stealthily
벗기다,peel
여기저기,Here and there
어린애,child
심리,trial
화제,issue
예상되다,Estimate
쓸다,Sweep
저놈,That guy
라디오,radio
헌법,Constitution
추가,Add
유리,glass
형성되다,Form
도중,During
당황하다,Panic
수석,top
모순,contradiction
제작,produce
주의,caution
띠,belt
위험하다,Dangerous
기쁨,pleasure
입시,Entrance examination
공식,Formula
생전,Life
물론,of course
양국,Bilateral
상하다,rot
섞다,combine
약속하다,Promise
동양,Eastern
철,steel
미루다,Postpone
초등학교,Elementary School
잉,Huh
달려오다,Rush
제발,please
대학교,University
소비,Consumption
드물다,rare
피곤하다,tired
드디어,finally
조화,Harmony
이데올로기,Ideology
일컫다,call
두어,Twin
거지,the poor
찾아내다,Find
털,hair
양,sheep
자치,autonomy
청하다,ask
텍스트,text
윤리,ethics
약간,slightly
보살,Bodhisattva
구경하다,watch
정의,Justice
구속,Restriction
명예,honor
스타,star
연기,performance
애비,Abby
소장,Intestine
특정,specific
계산,Calculation
실패하다,fail
뇌,brain
제기하다,bring up
선언,Declaration
득,profit
는지,Or
놀랍다,surprising
운영하다,operate
규정하다,to regulate
상상,Imagination
뚝,Tuk
택하다,select
허옇다,Stumbled
이스라엘,Israel
끝내,Finally
당기다,pull
언덕,Hill
구성하다,Make up
다리,Leg
먹다,To eat
진출,debouchment
그물,net
영상,video
인정,admit
증가,increase
재다,take
뛰어들다,Jump in
꼽다,Select
등장,appear
깔리다,Ripple
우습다,Ridiculous
화려하다,Gorgeous
사나이,man
참가하다,Participate
전환,transform
벌떡,Bum
공급,supply
태양,Sun
억울하다,It is unfair
눈빛,a look
용서하다,Forgive
이내,Within
변,excreta
귀찮다,it's bothering
영업,sales
안보,Security
맥주,beer
가리다,blind
과목,subject
슬픔,sadness
혼란,confusion
괴롭다,pain
졸업,graduate
로마,Rome
고구려,Goguryeo
푹,Punch
전공,Major
끈,string
부족,lack
세,count
늙은이,gaffer
거대하다,Huge
지대,belt
마련,prepared
생겨나다,Form
비중,importance
차다,cold
내주다,let
알아듣다,understand
보리,barley
증가하다,Increase
수요,demand
종일,all day
급히,in haste
몫,share
음,Well
넘치다,spill over
보장,guarantee
솟다,tower
짙다,Deeply
어제,yesterday
모래,sand
긍정적,positive
해석하다,Interpret
밤중,In the night
단지,just
앉히다,sit
대충,Roughly
아끼다,grudge
혼인,marriage
조심하다,Be careful
속이다,cheat
함부로,thoughtlessly
소재,Material
손바닥,Palm
상승,Increase
물러나다,Retreat
야,hey
본질,nature
공공,public
미터,Meter
짐작하다,Guess
머무르다,stay
새,bird
품,Tribute
도구,tool
한자,chinese character
초점,focus
가수,singer
장교,officer
흩어지다,scatter
안개,Fog
고급,Advanced
신고,Declaration
온통,all
절반,half
업계,Industry
못,pond
곤란하다,It is difficult
세,count
인권,Human rights
긋다,draw
욕구,desire
실패,failure
흔적,trace
필자,Writer
굳다,Harden
달하다,accomplish
분명,certainly
실질적,Realistic
최소한,at least
어휘,Vocabulary
손해,loss
모자라다,not enough
떠올리다,recall
비판하다,Criticize
시늉,mimic
년,year
직후,Immediately
터뜨리다,Burst
계단,Stairs
부친,Father
근본,Fundamental
스치다,lick
스무,Twenty
합치다,combine
공업,industry
기타,Etc
주일,weekend
실력,skill
담그다,Dip
논의하다,discuss
빚다,Make
동작,movement
담당하다,It is responsible for
곡식,grain
제물,Offering
한잔,a drink
우물,well
총선,General election
빨다,suck
계집,female
고프다,Hungry
날아가다,Fly off
극,pole
새기다,carve
꺼지다,go out
나란히,side by side
이윽고,yet
동지,comrade
대만,taiwan
균형,balance
잃어버리다,lose
오염,pollution
여우,fox
강화하다,Reinforce
상대적,Relative
선진국,Developed countries
분노,anger
짜증,petulance
보통,usually
예상,expectation
창고,storage
지식인,intellectual
솥,kettle
도망,escape
익히다,to cook
정치인,politician
특수,special
이자,interest
대우,Treatment
온몸,Whole body
백제,Baek jae
차림,Outfit
소주,soju
실장,head of a department
도,do
보도하다,Report
유학,Study Abroad
여야,Opposition
형성,formation
신청,application
건너가다,Cross
따라오다,Follow up
면하다,Take off
승용차,car
도망치다,run away
날개,wing
뚜렷하다,Be clear
대립,Opposition
비우다,vacate
삼촌,uncle
제한,limit
전화하다,make a phone call to
순,Order
조합,Combination
일행,party
접근하다,draw close
적극,Aggressiveness
빛나다,shine
도입,Introduction
국정,National affairs
연습,practice
애인,lover
전체적,Overall
뵈다,See
관객,audience
정말로,really
익다,ripe
박히다,enter
발휘하다,Show off
조기,croaker
강제,compulsion
담당,in charge
고양이,cat
후배,Junior
저고리,Jersey
끼치다,cause
접근,Access
유통,circulation
보호하다,Protect
악,Ouch
부근,vicinity
도무지,Tribute
동쪽,East
직접적,Direct
믿음,trust
끊어지다,Break
끼다,Put on
반찬,side dish
진지하다,Serious
등록,registration
공항,airport
말리다,dry
절,I
쫓기다,Chase
튀다,splatter
노사,Labor -management
지점,Point
여당,Ruling party
사촌,cousin
만남,meeting
요청하다,request
규칙,rule
조카,nephew
다며,All
최선,best
다지다,Float
대장,Leader
쓰레기,Garbage
지난달,last month
편안하다,It is comfortable
잠깐,for a moment
시끄럽다,noisy
형성하다,Form
테,frame
양상,Aspect
불과,Fire
서류,document
내내,all the time
흥미,interest
신호,signal
동,dong
갈다,Sharpen
부딪치다,Bump
공화국,republic
멋지다,cool
정서,emotion
활동하다,To be active
마음대로,as you please
반영하다,Reflect
더러,Even
엉뚱하다,Ruin
문법,grammar
뒤지다,fall behind
내외,Inside and outside
소속,belong
여학생,female student
접촉,contact
근로자,worker
서쪽,West
비명,scream
장기,long time
식민지,colony
가문,droughty
살인,Murder
제법,quite
술잔,glass
오줌,pee
귀엽다,cute
열흘,Ten days
청춘,youth
넘어서다,Be over
김치,Kimchi
통제,Control
위대하다,Great
장수,Long live
답변,answer
머물다,stay
외롭다,lonely
대응,Response
금지,prohibition
주,main
봉투,envelope
대선,Presidential election
즉시,Immediately
갇히다,be confined
지옥,hell
후반,Latter
자아,Ego
무리,swarm
금년,this year
태우다,Burn
내보내다,Export
생일,birthday
독특하다,special
신기하다,Miraculous
솜씨,workmanship
이성,Sane
부정적,negative
여관,motel
안경,glasses
고생하다,Is suffering
낡다,old
순수하다,pure
연장,extension
동사,verb
올바르다,Be correct
교환,exchange
군수,supervisor
성명,name
화학,chemistry
최종,final
차,car
자전거,bicycle
추세,Trends
실정,actual circumstances
일요일,Sunday
설,new year
구역,area
뉴욕,New York
과학적,Scientific
가락,tune
관념,Ideal
대가,cost
도둑,thief
가입,join
아쉽다,too bad
결정되다,be decided
타령,Taryeong
기금,Funding
수백,Hundreds of
물결,wave
정확히,exactly
덩어리,Lump
수학,math
매체,media
발생,Occur
자살,Suicide
저물다,Creep
증상,Symptom
여건,Conditions
일생,lifetime
판소리,Pansori
객관적,Objective
위주,Focus
익숙하다,be used to
요청,request
임마,Hey
대기업,major company
지하철,subway
체험,experience
접다,fold
이르다,early
국립,establishment
부럽다,envy
협의,Conference
가시다,Go to
소용,use
버릇,Habit
복도,hallway
축제,festival
시집,divan
지배하다,rule
스승,teacher
세계화,globalization
노파,old woman
월급,Salary
조심스럽다,Be careful
판결,verdict
언급하다,Advert
지수,Indices
의,of
심사,judge
저승,hell
다행,Relief
처하다,sentence
방금,just now
시도하다,Attempt
사자,lion
먼지,dust
넷,four
성취,achievement
당초,Initially
공자,Confucius
쇼,show
실명제,Real name
이어,Following
스트레스,stress
조각,piece
청,jean
노래하다,Sing
홀로,alone
중소기업,SMEs
의학,Medicine
한,one
태우다,Burn
말리다,dry
채,stick
친척,Relative
감동,impression
치다,hit
근,root
끊임없이,endlessly
근무,work
활발하다,It is actively
도깨비,goblin
저항,resistance
뵙다,meet
시비,dispute
기여,contribute
소나무,pine tree
과일,fruit
기대다,lean
삶다,Boil
고위,eminence
다물다,Shut down
년도,year
억지로,by force
건지다,Get away
하룻밤,Overnight
수용하다,Expropriate
나비,butterfly
석유,oil
어느새,Suddenly
산소,Oxygen
내려다보다,Overlook
은혜,favor
사전,dictionary
경기,game
소유,possession
진행하다,Progress
권위,authority
효과적,effective
박물관,Museum
마련되다,Set up
잘되다,go well
새다,leak
학과,Department
허허,haha
시달리다,be afflicted with
뿔,horn
제기되다,Be raised
묵다,lodge
다스리다,take care
법원,court
닥치다,befall
씹다,chew
마주치다,Come across
분양,parcel out
엔,n
강물,River
영웅,hero
그늘,shade
덜다,subtract
못하다,Can not do it
대비하다,Be ready
신,god
법인,corporation
군사,Military
야구,baseball
감히,dare
소중하다,precious
살짝,a little
결정적,Decisive
줄기,stem
전투,battle
실,line
주막,Tent
대위,Captain
넋,Soul
엮다,plait
든가,I
까치,Magpie
살아나다,Survive
넘어지다,fall down
완벽하다,It is perfect
논란,argument
장래,future
밉다,hate
가죽,leather
염려,worry
단다,Dagger
대체,how
그나마,Donate
실시,practice
외우다,memorize
식물,plant
도망가다,Run away
어디,where
연방,commonwealth
공사,construction
맞서다,stand opposite each other
전날,eve
긁다,scratch
망설이다,Hesitate
필요성,Necessity
성경,Bible
주말,weekend
노리다,watch
참,Oh yeah
동일하다,same
서서히,slowly
상징,symbol
패,group
몇몇,some
댐,dam
녹다,melt
행,line
이모,aunt
차갑다,cold
비롯되다,Come from
토끼,rabbit
완전하다,Be complete
열매,Fruit
엉덩이,hip
의심,doubt
이치,reason
세포,cell
철도,railroad
토요일,Saturday
소송,lawsuit
허가,permission
수건,Towel
설치,installation
신세,Tribute
탑,tower
날카롭다,Sharp
빼앗다,Steal
기지,base
판사,judge
혹,bump
분단,Division
주저앉다,Sit down
구실,role
진단,Diagnosis
지상,ground
파리,Paris
대,big
근무하다,work
달려들다,Rush
삼키다,gulp down
바둑,Baduk
대규모,Large-scale
덕분,thanks for
환상,fantasy
받치다,surge up
물음,question
신하,subject
향상,Improving
구분,division
오가다,come and go
차별,discrimination
인상,impression
풍부하다,Rich
고전,classic
개편,Reorganization
내각,cabinet
고리,ring
줄다,shrink
성장하다,Grow
습관,habit
위협,Threat
생선,fish
법적,Legal
무게,weight
적자,Deficit
연결하다,Interlink
의식하다,Conscious
제출하다,Submit
소수,decimal
척,chuck
곳곳,Everywhere
투표,vote
주목하다,pay attention
느리다,slow
일정,calendar
구르다,recoil
광장,Plaza
컵,cup
농담,Joke
흥,huh
알맞다,fit
실은,actually
적당하다,It is suitable
토대,foundation
다방,coffee house
더듬다,grope
또다시,Again
일방적,Unilateral
대국,Great power
명사,noun
재물,Wealth
팬,Pan
어색하다,It is awkward
작정,Conclusion
붓,brush
틀림없이,Must
글쎄요,I do not know
뒤따르다,beset
연주,play
교과서,textbook
영향력,Influence
디자인,design
신뢰,trust
생산하다,Produce
오해,misunderstanding
직전,eve
유교,Confucianism
떨어뜨리다,To drop
영원히,forever
경험하다,Experience
통화,call
동의,agree
홍보,promotion
각국,Nation
창작,Creation
절로,Versatile
노선,route
촬영,filming
생활하다,live
구절,paragraph
흔하다,common
실내,inside
집어넣다,Put in
감싸다,cover
화장,Makeup
결합,Combination
문화재,Cultural Heritage
통치,rule
질환,disease
밀리다,be shaved
천,cloth
겸,Cum
아픔,pain
기침,cough
유리하다,It is advantageous
식량,food
애정,Affection
권한,authority
참조,Reference
다투다,contend
가라앉다,Sink
발달하다,develop
수지,Suzy
개정,revision
파괴,Destruction
조약,treaty
못되다,Nail
늘어지다,Tap
꿀,honey
환하다,clear
끓다,boil
재무,finance
우유,milk
골짜기,valley
계절,season
찢다,tear
막상,Mak
껍질,skin
비난,criticism
철저히,thoroughly
식,ceremony
상인,merchant
노랗다,Yellow
흉내,mimicry
구분하다,divide
수천,Thousand
성분,ingredient
마땅하다,Deserve
홍콩,Hong Kong
정면,face
뱉다,disgorge
도입하다,Introduce
자꾸만,keeps on
가루,powder
양심,Conscience
검토,examine
대기,Waiting
연애,love
일자,Date
절대적,Absolute
공산당,Communist Party
국제적,International
부채,fan
별도,Separately
번역,translation
꼭대기,top
집행,Execution
마담,Madame
좌,Left
번지다,spread
회관,hall
가지,Branch
사원,employee
꿇다,Kneel
멀어지다,get further away
한문,Chinese
논쟁,arguement
다가서다,Approach
솔직하다,honest
지시하다,Instruct
해결되다,solved
돌보다,Take care
접하다,meet
자존심,Pride
자랑하다,Boast
비평,criticism
업종,Sectors
서부터,From the west
범인,criminal
끌리다,traipse
잘나다,Go well
부하,Load
후기,review
헤매다,wander about
한테서,from
활용,uses
바늘,needle
누이,sister
우연히,by chance
허공,Empty
합리적,rational
총회,General Assembly
물고기,fish
거부,denial
격,case
비서,secretary
비비다,rub
썰다,chop
의존하다,be dependent
거느리다,Be
펼쳐지다,Spread out
부인하다,Dismiss
거니와,Go
차다,cold
빠져나가다,Get out
햇살,sunlight
아울러,together
느니,Yes
풍기다,give out
확보,secure
토하다,vomit
프로,Pro
맞이하다,greet
근심,concern
육체,flesh
확대하다,to enlarge
결혼식,Wedding ceremony
보상,compensation
전반적,Overall
차츰,Gradually
일기,diary
감시,watch
만주,Manchuria
자세하다,Detail
채다,sense
숙제,homework
오리,duck
구입하다,Buy
보고하다,Make a report
여간,All
만족하다,Is satisfied
출발,depart
체,sifter
채권,bond
법칙,Rule
제국,Empire
호흡,Breath
자신,Myself
어음,note
인수,take over
보름,Fullness
얼음,ice
부치다,send
장비,equipment
안주,snack
협의회,Council
수화기,receiver
문헌,literature
여태,So far
발길,Footsteps
의심하다,Doubt
거절하다,reject
성인,adult
예상하다,expect
녀,woman
정월,New Year
바닷가,Beach
개성,Individuality
총무,General Affairs
각기,each
전개되다,Develop
햇빛,sunshine
주도하다,Lead
빌딩,building
당사자,party
사찰,Temple
진상,Truth
에미,Emmy
탈,mask
다수,many
해당,corresponding
평범하다,normal
낮추다,lower
헤아리다,Count
말없이,Silently
차다,cold
상당,Equivalent
정식,Formally
적용하다,apply
뭉치다,lump
촉구하다,Urge
님,sir
지난번,last time
명칭,designation
조국,motherland
저자,author
대안,Alternatives
높이,Height
합의하다,Agree
제조,Produce
무리,swarm
허용하다,permit
띄우다,ferment
연속,continuity
아무렇다,Be
휴가,vacation
민족주의,nationalism
희생,sacrifice
흘러가다,Flow
벌,punishment
막내,youngest
열쇠,key
뺨,cheek
베풀다,give
설립,establish
포함,include
동원하다,Mobilize
기여하다,Contribute
행동하다,Act
화살,arrow
더라면,If it is
건만,Only
강하다,strong
자랑,Boast
이내,Within
소파,Sofa
향기,Scent
질리다,to be sick of
목욕,bath
사망,Dead
고민하다,Be in agony
수비,defence
내려놓다,Put down
볼,cheek
감안하다,to consider
정치권,Politics
개국,Nation
농부,farmer
합,synthesis
둥글다,Round
등등,etc
실적,Performance
꼼짝,Tight
두려움,fear
손목,wrist
서,west
임원,Executives
도로,road
감옥,prison
포,pho
씌우다,sheathe
어리석다,stupid
치열하다,Fierce
추,weight
거짓,lie
트럭,truck
화해,Reconciliation
국방,Defense
국,soup
열차,train
성,castle
강아지,puppy
장점,Advantages
도덕적,Moral
추억,memory
불가피하다,Inevitably
민속,Folklore
로비,lobby
이해되다,Understand
첫날,First day
구먼,Gumen
가두다,confine
우산,umbrella
고문,torture
생존,survival
독재,Dictatorship
선비,Scholarship
대한민국,Republic of Korea
건드리다,Touch
간장,Soy sauce
파일,file
적용되다,Apply
탄생,birth
함,box
창조,creation
육성,Upbringing
겹치다,overlap
대신하다,It is instead
중년,middle-age
애초,In the first place
계산하다,Calculate
흑,Black
대원,Crew
곧바로,Right away
주문,order
안팎,Inside and outside
이탈리아,Italy
취미,hobby
천장,ceiling
구원,Salvation
꼬다,twist
시도,trial
도전,challenge
고교,High school
부사,adverb
진출하다,Enter
끼우다,insert
당당하다,confident
귀족,nobility
근원,Source
밥상,Table
가꾸다,Nurture
정원,garden
정작,Actually
깨끗이,clean
특이하다,strange
투자하다,Invest
대변인,spokesman
청산,clearing
매년,every year
위반,violation
자극,Stimulation
형상,shape
가난,poor
대응하다,react
무어,Moore
관리,management
바짝,Tight
부총리,Deputy prime minister
보람,Reward
의복,cloth
재단,Foundation
임무,mission
계열,line
도장,stamp
쓸쓸하다,I am lonely
관리하다,Administrate
명분,Justification
질병,disease
예외,exception
정지,stop
불행하다,Unhappy
의의,Of the
배다,conceive
떠나가다,Leave
부여하다,give
클럽,club
수염,mustache
아프리카,Africa
순경,cop
우리말,Korean
간단히,simply
남매,siblings
이룩하다,Be able to
포인트,point
확인되다,Confirm
이를테면,for example
극히,like mad
책임자,Officer
시행,enforcement
화가,artist
이리저리,back and forth
설마,no way
끊기다,Disconnect
속담,Proverb
인원,personnel
대접하다,entertain
운전,driving
텅,Tongue
요금,fee
다행히,Fortunately
묘하다,Be strange
금액,amount
확대되다,Enlarge
탁자,table
관료,bureaucracy
오랜만,Long time no see
결심,Determination
최대한,Most
농산물,Agricultural products
공학,Engineering
대리,deputy
지향,Orientation
실체,substance
실현,present
생물,Biology
이혼,divorce
제재,sanctions
선정,selection
짐작,guesswork
정기,Routine
동포,compatriots
작성하다,write
혜택,Benefits
상식,Common sense
전달,relay
외면하다,Turn away
단,only
사연,Story
굴다,behave
접어들다,Enter
그만하다,stop
그립다,Miss you
까맣다,Black
정상적,normal
부정하다,Denit
고함,shout
시청자,viewers
웬만하다,Maxim
대북,North Korea
지적,Point out
발견,discovery
세종,Sejong
축,axis
게끔,Crab
현금,cash
성적,sexual
장자,Firstborn
호기심,curiosity
모친,Mother -in -law
이빨,teeth
북경,Beijing
미처,Unprecedented
통화,call
요란하다,Loud
이별,farewell
통계,statistics
적용,apply
깨어나다,wake up
종업원,Employee
왕자,Prince
표,graph
동서,cohabitation
원고,Manuscript
갈라지다,to separate
저절로,By itself
설정하다,Set
감기,cold
하긴,but
치료하다,Treat
뻔하다,Be obvious
육군,Army
행사하다,Event
가치관,Values
우울하다,Depressed
고등,high
조명,light
자루,sack
반발,repulsion
아동,child
자신감,Confidence
상상하다,Imagine
가스,gas
자니,Jani
들려주다,Give
도달하다,Reach
고집,stubborn
그다지,very
제의,suggest
조처,Measure
한복,Han bok
수도,capital
근육,muscle
지구,earth
예방,prevention
어지럽다,dizzy
운동장,Playground
진술,declaration
노려보다,Look
판,board
빼앗기다,Steal
사기,scam
중요성,importance
드나들다,Go in and out
누님,sister
증언,Testimony
주주,Shareholder
아이디어,idea
범주,category
라면,Ramen
물러서다,Retreat
일가,household
제안,proposal
연설,speech
퍽,puck
방울,Bell
지속적,constantly
현관,entrance
교양,Culture
소프트웨어,software
여지,space
경력,career
표준,standard
차마,Chama
개구리,frog
해마다,year after year
부위,part
무늬,pattern
오래되다,Long time no see
영광,glory
보장하다,Vouch
유도하다,Induce
위치하다,to be placed
방면,direction
기도하다,Pray
차차,Graduating
그토록,So much
읍내,Town
앞세우다,Set up
비상,emergency
전선,wire
단독,single
왠지,Somehow
테이블,table
주석,Remark
남부,Southern
약물,drug
간신히,barely
분리,separation
태평양,Pacific ocean
예금,Deposit
대량,block
다듬다,trim
받들다,Support
논리적,Logical
취재,take
영장,warrant
도덕,moral
지지하다,support
많아지다,Increase
동경,east longitude
꼬마,Little
계집애,jane
공중,Public
분쟁,dispute
얽히다,get caught in
왈,Wall
변동,Variance
학부모,parents
제거하다,Remove
비난하다,blame to
기법,technique
예컨데,For example
자산,Assets
거꾸로,Backwards
수정,correction
무장,Armed
헤치다,Go through
소매,Sleeve
들판,Field
요즈음,these days
오류,error
병력,case history
취업,Employment
인간적,Human
반하다,fall in love
단단히,firmly
첨단,peak
편리하다,convenient
정말,really
꿈꾸다,Dreaming
인근,vicinity
요원,agent
부패,Corruption
채널,channel
계곡,Valley
선언하다,declare
대결,Battle
베트남,Vietnam
개입,Intervention
호소하다,give appeal
경계,boundary
치고,Hitting
무려,whopping
빌다,beg
섭섭하다,feel dissapointed
가늘다,Thin
상,award
북방,northward
돋다,Sprouting
동맹,alliance
설계,design
마당,yard
임신,Pregnant
농구,basketball
더욱이,Furthermore
짖다,bark
가득하다,full in here
신념,belief
간판,Sign
광경,scene
까마귀,Crow
동화,Fairytale
여편네,The woman
불쑥,suddenly
지급,Payments
실무,Practice
출입,coming and going
실시되다,Be carried out
비극,tragedy
벤처,Venture
속다,get deceived
접시,Dish
상업,Commerce
워싱턴,Washington
마음속,In the heart
대륙,continent
씌다,Cover
한창,In full swing
부러지다,Break
깨우다,wake up
응하다,meet
도전하다,Challenge
독서,Reading
체육,Athletic
가요,Go
퍼붓다,fulminate
통상,Normal
해내다,accomplish
집회,assembly
향,incense
책임지다,Vouch
상가,store
춤추다,to dance
실로,Thread
앞장서다,Lead
타인,Others
일정,calendar
시즌,season
보편적,Universal
안쪽,inside
마무리,Wrap-up
어쩐지,no wonder
가설,theory
공식적,Formal
사용자,user
안내,guide
뚜껑,Lid
떠돌다,float
취지,effect
제공,offer
통증,ache
점잖다,Slack
우승,Championship
그제서야,Only then
부작용,Side Effect
비단,silks
통과,Pass
항목,Item
호수,lake
주도,lead
울타리,fence
표시하다,Denote
전개,deployment
패,group
말투,speech
관행,Practice
두들기다,Beat
황금,Gold
변화하다,Change
테러,terror
합하다,fit
의지하다,Rely
긴급,Emergency
은근히,Quietly
초반,Initial
강사,teacher
되찾다,get back
쳐들다,Rush
온도,temperature
맥락,Context
심의,Review
굴리다,tumble
날로,Day by day
시행하다,Enforce
초래하다,Redound
메우다,fill up
증시,Stock market
입학,Admission
각자,Each
굽히다,bend
굳어지다,Harden
공격하다,attack
휘두르다,wield
진영,Camp
대외,External
방송국,Broadcast stations
칭찬,compliment
사회학,sociology
적히다,Beeted
과정,process
자동,automatic
뛰어가다,Run
자율,autonomy
닫히다,shut
차관,loan
공산주의,communism
재빨리,quickly
끌려가다,Drag
걸어오다,Walk
세다,count
해안,Coast
협조,Cooperation
발표되다,Announce
이상,More than
감자,potato
승부,Game
묶이다,knot
데려가다,take
여럿,many
부도,bankruptcy
출판,Publishing
일일이,Daily
하필,False
중반,Middle
단속,Enforcement
규범,canon
왕조,dynasty
정당하다,Be justified
괴롭히다,bully
죄인,sinner
매달다,suspend
반도체,semiconductor
궁극적,Ultimate
지사,Branch
달빛,Moonlight
결심하다,Decide
관찰하다,Observe
공개하다,Open to the public
체질,constitution
매력,Charm
선두,head
심리적,Psychological
털어놓다,Confuse
교섭,bargaining
구호,Aid
흥,huh
통과하다,Pass
엄격하다,strict
중세,Middle Ages
포로,Captive
구상,conception
피해자,victim
파랗다,Blue
현행,Present
희미하다,Faint
전반,Overall
설치되다,Install
올려놓다,put on
신당,Shrine
조성,Furtherance
대처하다,Cope with
주방,kitchen
찢어지다,Tear
거듭,Repeatedly
동의하다,Agree
머리카락,hair
시야,eyesight
연간,yearly
아비,father
잇따르다,Run
양복,suit
돌멩이,Stone
중단,stop
신청하다,Put in for
영원하다,Forever
피아노,piano
사무,Affairs
정문,Front Door
청소,clean
대한,About
동굴,cave
성향,tendency
반복하다,repeat
유전자,gene
작자,Writer
수행,Perform
두껍다,thick
뻔하다,Be obvious
투기,speculation
올라서다,Climb
전개하다,Develop
차장,conductor
무료,free
물러가다,Retreat
거니,Go
확산,diffusion
어조,tone of the voice
처벌,punishment
감소,decrease
고시,notice
보물,treasure
상무,director
숨지다,Hide
연말,Year-end
인재,Human Resources
절망,despair
연구원,researcher
고장,broken
추위,cold
무관하다,Irrelevant
열기,Heat
골프,golf
요령,tips
참가,attend
별다르다,Different
신문사,newspaper
부서,Department
주고받다,give and take
선원,sailor
확장,expansion
국토,soil
수용,Accept
넓히다,widen
농가,farmhouse
막연하다,Vague
국방부,Department of Defense
조작,Operation
절대,never
중단하다,Stop
흐리다,cloudy
자연히,naturally
구하다,save
인형,doll
노예,slave
과자,snack
고유,inherence
감사,thank
충돌,crash
각자,Each
외국어,Foreign language
주년,Anniversary
과학자,Scientist
전면,Front
회복하다,to recover
꼭,please
시조,father
고추,pepper
기념,Commemoration
조항,article
사과,apologize
시중,city
주목,fist
최후,last
수립,establish
종목,event
실천하다,practice
평등,Equality
내면,Inside
별명,Nickname
보건,Health
흑인,black
지극히,Extremely
육지,shore
본질적,Essential
낯,face
화장품,cosmetics
우려하다,Be concerned about
리그,League
홍수,flood
방위,defense
사이트,site
오로지,only
성적,sexual
가로,width
잦다,often
수영,swimming
손톱,Fingernail
어긋나다,Displace
품목,subject
가짜,fake
흘러내리다,Run down
월말,At the end of the month
두려워하다,to be afraid of
만족,satisfied
맛보다,taste
빛깔,color
미국인,American
우선,priority
정체,Identity
표면,surface
북,north
승인,Approval
흥분,excitement
미워하다,Hate
간직하다,to keep
허락하다,Permit
구축하다,Rid
해당되다,Decide
회계,Accounting
행정부,executive
중동,Middle East
꺼리다,scruple
갖가지,Various
즐거움,joy
외환,Foreign exchange
부실,concubine
품질,quality
불행,Unhappiness
설정,Set
기세,momentum
순위,ranking
충동,impulse
섬유,fiber
소지,Possession
출판사,publisher
기호,sign
우수하다,great
귀국하다,Return home
편집,edit
보수,repair
부지,Site
이론적,Theoretical
번쩍,Flash
딸리다,Put up with
낚시,fishing
집권,Ruling
사법,justice
부서지다,break
기색,ground color
시각,Time
넉넉하다,Enough
모여들다,Gather
주한,Agent
어기다,violate
뒤늦다,Be late
거들다,assist
끼이다,Stack
얼핏,At first glance
입맛,taste
비키다,Nickle
활성화,activate
머릿속,Head
깃발,flag
섬기다,serve
고속도로,highway
대폭,Drasticity
대개,mostly
명제,proposition
고도,Altitude
멎다,Stop
미사일,missile
장애인,Disabled
무속,Shamanism
보태다,Add
모스크바,Moscow
지나치다,go too far
사과,apologize
발상,Idea
가입하다,join
장르,genre
교훈,Lesson
냉장고,refrigerator
적합하다,Suitable
쿠데타,Coup d'etat
뒤쪽,behind
한데,One
먹이,food
발행,publish
지정,appointed
위성,satellite
종교적,Religious
중생,Rebirth
튀어나오다,pop up
확신,assurance
군중,crowd
결과적,Consequent
수도권,Metropolitan area
일치하다,Coincide
쪽,side
인격,personality
종종,often
장식,decoration
매장,store
라운드,round
긴장하다,nervous
거세다,Rage
냉전,cold war
선장,Captain
채,stick
정국,jungkook
의욕,Will
흥분하다,Excite
앞서,previously
후손,descendant
상상력,imagination
명단,list
사형,execution
지주,landlord
고장,broken
각오,Resolution
어젯밤,yesternight
만물,All things
물체,object
유사하다,similar
장기적,Long -term
진전,development
저서,Book
계통,system
태풍,Typhoon
연관,Relation
한층,even
당분간,for now
지성,Intelligence
지도,map
나뉘다,Divide
수익,revenue
얇다,thin
매매,Trading
공직자,Public official
등급,Rating
바퀴,wheel
독자적,Independent
계열사,subsidiary
홈런,homer
제기,Raising
라도,Rado
힘쓰다,Strive
지속되다,continue
도쿄,Tokyo
공연히,vainly
안전하다,safe
진심,Sincerity
디지털,digital
보증,guarantee
명확하다,Clarify
속성,property
학위,degree
험하다,Rug
이사장,Chairman
예술가,artist
인공,art
대강,outline
활짝,Bold
사안,Issue
일선,Frontline
갈래,Shall we go
전적,Overall
식다,cool down
이어서,next
경제학,economics
법안,bill
유난히,Unusually
학술,Academic
길가,roadside
흘러나오다,Flow out
감당하다,Handle
연맹,Federation
그중,among them
부상,injury
장차,In the future
지분,share
비서실,Secretary
꾸준히,Steadily
업적,Achievements
사상,thought
탄생하다,Be born
기록되다,Record
개미,ant
미인,Beauty
방지,Prevention
전원,power
방바닥,Floor
앞뒤,Back and forth
한가운데,midst
다짐하다,Pledge
분류,classification
발자국,footprint
선보이다,Show off
보조,assistant
특수하다,Special
병들다,Be sick
풍속,Wind
모처럼,Likely
결,texture
내쉬다,exhale
시리즈,series
유치원,kindergarden
잠자다,sleep
당대,Contemporary
이달,This month
결의,resolution
단장,leader
미디어,media
조절,control
서명,signature
무용,dancing
침략,aggression
고용,employ
햇볕,Sunshine
지향하다,It is oriented
적당히,Moderately
상당수,Many
스페인,Spain
살아남다,Survive
튼튼하다,strong
기적,miracle
공천,Nomination
공단,satin
위로하다,console
바로잡다,Straighten
유치,inducement
사냥,hunt
군,army
뽑히다,Pull out
만만하다,Be full
딱하다,Be perfect
메시지,message
곧장,right away
건설하다,Build
해군,Navy
깨물다,bite
양자,quantum
초조하다,Be nervous
밀리다,be shaved
한일,Korean -Japanese
창조하다,Create
학회,Academy
뒷모습,back
의례,ceremony
수표,check
안정되다,Stabilize
카페,cafe
고작,Only
타격,damage
설득하다,Persuade
즉각,Immediately
연령,age
선전,propaganda
제도적,Institutional
머뭇거리다,waver
증세,Symptoms
정상,normal
분열,split
놀리다,Badinage
지껄이다,Jab
뱃속,Stomach
성당,Cathedral
현안,Issue
꾸리다,manage
줄곧,All the time
주의하다,pay heed to
선조,ancestor
삼국,Three Kingdoms
벌레,bug
전국적,Nationwide
대표하다,to represent
어리다,young
되풀이하다,Repeat
후자,the latter
표시,mark
항의,protest
영문,English
중위,medium
가닥,piece
서민,people
록,rock
제약,Restrictions
구도,ninth
목록,List
해체,Dismantling
부수다,Break
출연하다,Appear
지침,guideline
알아내다,to find out
비타민,vitamin
변경,change
채택하다,choose
물리치다,To defeat
구조적,Structural
표시,mark
전화기,cellphone
대비,prepare
면적,area
말기,last period
구별하다,Distinguish
천사,angel
가르침,teaching
유행,trend
음모,plot
완화,ease
기뻐하다,I am happy
똑바로,upright
효율,efficiency
일찍이,early
번갈다,Turn
초청,invitation
분기,quarter
생생하다,Vivid
맺히다,Conclude
강요하다,Compel
유적,ruins
근로,Work
취급하다,deal with
신사,Gentleman
체계적,Systematic
오락,game
일상적,Everyday
조정하다,Mediate
정세,state of affairs
요건,Requirements
발걸음,footfall
확산되다,Spread
관세,Customs
끔찍하다,It is horrible
순환,cycle
심판,Referee
용서,Forgiveness
액수,Amount
껴안다,snuggle
국경,Border
답하다,Answer
수치,shame
등지,Back
지급하다,Pay
불길,Flame
신학,theology
묘사하다,Depict
장미,rose
반성,regret
실망,Disappointment
쫓겨나다,Kicked out
소음,noise
일시,date
체면,face
요구되다,Require
처분,disposal
몸뚱이,body
빠져나오다,Exit
평,Plain
전시,exhibition
공급하다,Supply
끌어들이다,Drag
젖히다,fling open
뇌물,bribe
성공적,successful
발목,Ankle
국세청,revenue
정계,Politics
항공,Airline
국무,State affairs
몰려들다,Flock
효율적,efficient
방해,Hindrance
구축,build
장악하다,Take control
소화,digestion
비판적,Critical
의상,costume
홈페이지,home page
고비,Hump
붕괴,collapse
사납다,Fierce
담임,Homeroom
구별,Distinction
핑계,excuse
순수,pure
이따금,sometimes
이동하다,move
제국주의,Imperialism
코스,course
기울다,slant
변수,variable
비전,vision
원형,circle
재능,Talent
참모,staff
늘어놓다,Bind
송이,cluster
캄캄하다,Darken
기원,origin
특유,Peculiarity
문학적,Literary
영양,nutrition
제치다,Beat
우정,friendship
조성하다,Build
엿보다,watch for
소망,hope
다면서,Daunting
거듭하다,Repeat
위상,Phase
판매하다,sell
범하다,commit
가상,email
경비,security
좌석,seat
뚫리다,Pierce
설비,equipment
마늘,garlic
장터,Marketplace
본사,head office
식탁,table
신음,moaning
뿌리치다,Root
후회하다,Regret
전용,private
구속되다,Restrain
그리스,Greece
적시다,soak
한결,Union
여느,Any
조정,adjustment
증명하다,Prove
고이다,Go
탄압,Oppression
유리창,sash
생애,career
쏠리다,Tight
개별,Individual
회의,meeting
자랑스럽다,proud
고려,Consideration
중시하다,Emphasize
모색하다,Find
강도,burglar
배제하다,Exclude
참고,Reference
섹스,sex
전화번호,Phone number
마비,paralysis
안기다,Embrace
단단하다,hard
추적,Tracking
원숭이,monkey
산하,Affiliation
제시되다,Present
연출,Production
불러일으키다,Rush
홀,hall
고통스럽다,Painful
처방,Prescription
큰소리,Loud
개최,Hold
중대하다,Be serious
유권자,voter
여권,passport
국면,conjuncture
풍토,Climate
부품,part
동정,Sympathy
프로젝트,project
보급,supply
자질,endowment
날아오다,Fly
성실하다,Sincerely
사슴,deer
투자자,investor
따름,Insecure
정착,Settlement
소설가,novelist
교역,Trade
해치다,injure
지루하다,Bored
소유하다,own
선진,Advancement
신도,Believer
자문,advice
이민,immigrant
가로막다,Intercept
일반인,General
마약,drug
잠자리,dragonfly
사령관,Commander
심리학,psychology
서술,Description
세미나,seminar
이듬해,The following year
호주,australia
새삼,Ginseng
교체,substitute
도리어,Row
전신,whole body
불꽃,flame
사로잡히다,Capture
사적,Private
일련,series
구성원,member
찌푸리다,Frown
존경하다,Respect
실태,Actual situation
손실,Loss
전형적,Typical
반복,repeat
깊이,depth
부지런히,industriously
캐나다,Canada
톤,ton
대금,price
유명,famous
중단되다,Stop
이대로,like this
자라나다,Grow
민감하다,be sensitive
초라하다,Be shabby
간접,Indirect
열정,enthusiasm
대치,Confrontation
재계,financial world
군부,Military service
수입,income
서부,West
파악,grasp
상실하다,Lose
고정,fix
세트,set
개선하다,improve
도서,books
인정되다,Recognize
절실하다,Desperate
모집,Recruitment
더위,hot
의논하다,to discuss
실현하다,Realize
빼내다,pilfer
내뱉다,spit out
문인,Writer
초,candle
표현되다,Express
시신,corpse
결단,resolve
원자력,nuclear power
전후,order
묘사,describe
재야,Jay
데이터,data
경찰관,police officer
대비,prepare
이용되다,Use
유물,relics
찍히다,Be taken
개발되다,Develop
주차장,parking lot
사막,desert
존중하다,respect
안심하다,Reassured
임기,term of office
완성되다,Finish
성적,sexual
염두,In mind
슬그머니,Sneak